bank,ifsc,branch,centre,district,state,address,contact,imps,rtgs,city,neft,micr
ABHYUDAYA COOPERATIVE BANK LIMITED,ABHY0065001,RTGS-HO,MUMBAI,MUMBAI,MAHARASHTRA,"ABHYUDAYA BANK BLDG., B.NO.71, NEHRU NAGAR, KURLA (E), MUMBAI-400024",25260173,true,true,GREATER MUMBAI,true,
ABHYUDAYA COOPERATIVE BANK LIMITED,ABHY0065002,ABHYUDAYA NAGAR,MUMBAI,MUMBAI,MAHARASHTRA,"ABHYUDAYA EDUCATION SOCIETY, OPP. BLDG. NO. 18, ABHYUDAYA NAGAR, KALACHOWKY, MUMBAI - 400033",24702643,true,true,GREATER MUMBAI,true,400065002
ABHYUDAYA COOPERATIVE BANK LIMITED,ABHY0065003,BAIL BAZAR,MUMBAI,MUMBAI,MAHARASHTRA,"KMSPM'S SCHOOL, WADIA ESTATE, BAIL BAZAR-KURLA(W), MUMBAI-400070",25032202,true,true,GREATER MUMBAI,true,
ABHYUDAYA COOPERATIVE BANK LIMITED,ABHY0065004,BHANDUP,MUMBAI,MUMBAI,MAHARASHTRA,"CHETNA APARTMENTS, J.M.ROAD, BHANDUP, MUMBAI-400078",25963157,true,true,GREATER MUMBAI,true,
ABHYUDAYA COOPERATIVE BANK LIMITED,ABHY0065005,DARUKHANA,MUMBAI,MUMBAI,MAHARASHTRA,"POTIA IND.ESTATE, REAY ROAD (E), DARUKHANA, MUMBAI-400010",23778164,true,true,GREATER MUMBAI,true,
ABHYUDAYA COOPERATIVE BANK LIMITED,ABHY0065006,FORT,MUMBAI,MUMBAI,MAHARASHTRA,"ABHYUDAYA BANK BLDG., 251, PERIN NARIMAN STREET, FORT, MUMBAI-400001",22614468,true,true,GREATER MUMBAI,true,
ABHYUDAYA COOPERATIVE BANK LIMITED,ABHY0065007,GHATKOPAR,MUMBAI,MUMBAI,MAHARASHTRA,"UNIT NO 2 & 3, SILVER HARMONY BLDG,NEW MANIKLAL ESTATE, GHATKOPAR (WEST), MUMBAI-400086",25116673,true,true,GREATER MUMBAI,true,
ABHYUDAYA COOPERATIVE BANK LIMITED,ABHY0065008,KANJUR,MUMBAI,MUMBAI,MAHARASHTRA,"BHANDARI CO-OP. HSG. SOCIETY, KANJUR VILLAGE, KANJUR (EAST), MUMBAI-400078",25783519,true,true,GREATER MUMBAI,true,
ABHYUDAYA COOPERATIVE BANK LIMITED,ABHY0065009,NEHRU NAGAR,MUMBAI,MUMBAI,MAHARASHTRA,"ABHYUDAYA BANK BLDG., B.NO.71, NEHRU NAGAR, KURLA (E), MUMBAI-400024",25222386,true,true,GREATER MUMBAI,true,
ABHYUDAYA COOPERATIVE BANK LIMITED,ABHY0065010,PAREL,MUMBAI,MUMBAI,MAHARASHTRA,"SHRAMA SAFALYA, 63 G.D.AMBEKAR MARG, PAREL VILLAGE, MUMBAI-400012",24137707,true,true,GREATER MUMBAI,true,
ABHYUDAYA COOPERATIVE BANK LIMITED,ABHY0065011,SEWRI,MUMBAI,MUMBAI,MAHARASHTRA,"NAVNIDHI INDUSTRIAL ESTATE, ACHARYA DONDHE MARG, SEWRI, MUMBAI-400015",24136008,true,true,GREATER MUMBAI,true,
ABHYUDAYA COOPERATIVE BANK LIMITED,ABHY0065012,WADALA,MUMBAI,MUMBAI,MAHARASHTRA,"B.P.T.MARKET BLDG., NADKARNI PARK, WADALA (EAST), MUMBAI-400037",24184512,true,true,GREATER MUMBAI,true,
ABHYUDAYA COOPERATIVE BANK LIMITED,ABHY0065013,WORLI,MUMBAI,MUMBAI,MAHARASHTRA,"LANDMARK,NEXT TO MAHINDRA TOWERS, PLOT NO.1, J M BHOSLE MARG, WORLI, MUMBAI-400018",24921104,true,true,GREATER MUMBAI,true,
ABHYUDAYA COOPERATIVE BANK LIMITED,ABHY0065014,MUMBRA,THANE,MUMBAI,MAHARASHTRA,"RIZVI APARTMENTS, OPP. RAILWAY STATION, MUMBRA-400612",25462172,true,true,GREATER MUMBAI,true,
ABHYUDAYA COOPERATIVE BANK LIMITED,ABHY0065015,TURBHE,NEW BOMBAY,MUMBAI,MAHARASHTRA,"A.P.M.C.MARKET, ADMINISTRATIVE BLDG, TURBHE, NAVI MUMBAI-400705",27888044,true,true,GREATER MUMBAI,true,110229003
ABHYUDAYA COOPERATIVE BANK LIMITED,ABHY0065016,VASHI,NEW BOMBAY,MUMBAI,MAHARASHTRA,"ABHYUDAYA BANK BLDG., SECTOR 17, VASHI, NAVI MUMBAI-400705",27892458,true,true,GREATER MUMBAI,true,
ABHYUDAYA COOPERATIVE BANK LIMITED,ABHY0065017,MOBILE BANK,NEW BOMBAY,MUMBAI,MAHARASHTRA,"ABHYUDAYA BANK BLDG., SECTOR 17, VASHI, NAVI MUMBAI-400703",27892444,true,true,GREATER MUMBAI,true,
ABHYUDAYA COOPERATIVE BANK LIMITED,ABHY0065018,NEW PANVEL,PANVEL,MUMBAI,MAHARASHTRA,"ABHYUDAYA BANK BLDG., SECTOR 17, NEW PANVEL-410206",27453585,true,true,GREATER MUMBAI,true,
ABHYUDAYA COOPERATIVE BANK LIMITED,ABHY0065019,KALAMBOLI,KALAMBOLI,MUMBAI,MAHARASHTRA,"BLDG F-4, SHOP NO 17-20, SECTOR 3 EB, KALAMBOLI, NAVI MUMBAI-410218",27420148,true,true,GREATER MUMBAI,true,
ABHYUDAYA COOPERATIVE BANK LIMITED,ABHY0065020,DHARAVI,MUMBAI,MUMBAI,MAHARASHTRA,"WESTERN INDIA TANNERIES, SION DHARAVI ROAD, MUMBAI-400017",24077126,true,true,GREATER MUMBAI,true,
ABHYUDAYA COOPERATIVE BANK LIMITED,ABHY0065021,MALAD EAST,MUMBAI,MUMBAI,MAHARASHTRA,"148 ELLORA SHOPPING CENTRE, DAFTARY ROAD, MALAD (EAST), MUMBAI-400097",28800272,true,true,GREATER MUMBAI,true,
ABHYUDAYA COOPERATIVE BANK LIMITED,ABHY0065022,CBD BELAPUR,NEW BOMBAY,MUMBAI,MAHARASHTRA,"SECTOR-3, CHANAKYA SHOPPING CENTRE, BELAPUR (CBD), NAVI MUMBAI-400614",27572179,true,true,GREATER MUMBAI,true,
ABHYUDAYA COOPERATIVE BANK LIMITED,ABHY0065023,BHIWANDI,BHIWANDI,MUMBAI,MAHARASHTRA,"BLDG F-1,GOPAL NAGAR,BHIWANDI-KALYAN ROAD, BHIWANDI, 421302",251852,true,true,GREATER MUMBAI,true,
ABHYUDAYA COOPERATIVE BANK LIMITED,ABHY0065024,BORIVALI,MUMBAI,MUMBAI,MAHARASHTRA,"RATNADEEP APARTMENTS, CARTER ROAD NO.1, BORIVLI (EAST), MUMBAI-400066",28636529,true,true,GREATER MUMBAI,true,
ABHYUDAYA COOPERATIVE BANK LIMITED,ABHY0065025,HILL ROAD,MUMBAI,MUMBAI,MAHARASHTRA,"HILL-N-DALE, HILL ROAD, NR.BANDRA POLICE STATION, BANDRA (W), MUMBAI-400050",26402597,true,true,GREATER MUMBAI,true,
ABHYUDAYA COOPERATIVE BANK LIMITED,ABHY0065026,KHER NAGAR,MUMBAI,MUMBAI,MAHARASHTRA,"JANATA EDUCATION SOC. PREMISES, KHER NAGAR, BANDRA (E), MUMBAI-400051",26473470,true,true,GREATER MUMBAI,true,
ABHYUDAYA COOPERATIVE BANK LIMITED,ABHY0065027,KANDIVLI-EAST,MUMBAI,MUMBAI,MAHARASHTRA,"GUNDECHA INDL.COMPLEX, AKURLI RD, KANDIVLI (E), MUMBAI-400101",28851962,true,true,GREATER MUMBAI,true,
ABHYUDAYA COOPERATIVE BANK LIMITED,ABHY0065028,SHERLY RAJAN,MUMBAI,MUMBAI,MAHARASHTRA,"KHAIR HOUSE, SHERLY RAJAN RD, BANDRA (WEST), MUMBAI-400050",26047905,true,true,GREATER MUMBAI,true,
ABHYUDAYA COOPERATIVE BANK LIMITED,ABHY0065029,GANESH NAGAR,MUMBAI,MUMBAI,MAHARASHTRA,"NAVJIVAN VIDYA MANDIR, GANESH NAGAR, BHANDUP (W), MUMBAI-400078.",25951049,true,true,GREATER MUMBAI,true,
ABHYUDAYA COOPERATIVE BANK LIMITED,ABHY0065030,MALAD WEST,MUMBAI,MUMBAI,MAHARASHTRA,"ST.JUDE'S HIGH SCHOOL, KHARODI, MALAD(W), MUMBAI,400095",28073539,true,true,GREATER MUMBAI,true,
ABHYUDAYA COOPERATIVE BANK LIMITED,ABHY0065031,NERUL,NEW BOMBAY,MUMBAI,MAHARASHTRA,"ABHYUDAYA BANK BLDG. PLOT NO.3A, SECTOR 15, NERUL, NAVI MUMBAI-400706",27717823,true,true,GREATER MUMBAI,true,
ABHYUDAYA COOPERATIVE BANK LIMITED,ABHY0065032,AIROLI,NEW BOMBAY,MUMBAI,MAHARASHTRA,"ABHYUDAYA BANK BLDG., PLOT NO.26 SECTOR 17, AIROLI, NAVI MUMBAI-400701",27792043,true,true,GREATER MUMBAI,true,
ABHYUDAYA COOPERATIVE BANK LIMITED,ABHY0065034,ANDHERI,MUMBAI,MUMBAI,MAHARASHTRA,"SHRADHA SHOPPING CENTRE, OLD NAGARDAS ROAD, ANDHERI (E), MUMBAI-400069",26833207,true,true,GREATER MUMBAI,true,
ABHYUDAYA COOPERATIVE BANK LIMITED,ABHY0065035,NHAVA SHEVA,NHAVA SHEVA,MUMBAI,MAHARASHTRA,"J.N.P.T. SHOPPING COMPLEX, NHAVA SHEVA, NAVI MUMBAI-400707",27471237,true,true,GREATER MUMBAI,true,
ABHYUDAYA COOPERATIVE BANK LIMITED,ABHY0065036,BANKING COMPLEX,NEW BOMBAY,MUMBAI,MAHARASHTRA,"UNIT NO.7 SECTOR 19, PHASE II, APMC, VASHI, NAVI MUMBAI-400705",27830425,true,true,GREATER MUMBAI,true,
ABHYUDAYA COOPERATIVE BANK LIMITED,ABHY0065037,KOPARKHAIRNE,NEW BOMBAY,MUMBAI,MAHARASHTRA,"UNIT NO.1, PLOT 24-25 SECTOR 6, KOPARKHAIRANE, NAVI MUMBAI-400701",27544040,true,true,GREATER MUMBAI,true,
ABHYUDAYA COOPERATIVE BANK LIMITED,ABHY0065038,DADAR,MUMBAI,MUMBAI,MAHARASHTRA,"GURUKRIPA CHS LTD., OPP. PLAZA CINEMA, DADAR (W), MUMBAI-400028.",24325136,true,true,GREATER MUMBAI,true,400065038
ABHYUDAYA COOPERATIVE BANK LIMITED,ABHY0065039,MULUND,MUMBAI,MUMBAI,MAHARASHTRA,"NEELKANTHDHARA, NETAJI SUBHASHCHANDRA ROAD, MULUND (W), MUMBAI-400080.",25641442,true,true,GREATER MUMBAI,true,
ABHYUDAYA COOPERATIVE BANK LIMITED,ABHY0065040,CHARAI,THANE,MUMBAI,MAHARASHTRA,"MUMBA DEVI APT., JOSHIWADA, CHARAI, VEER SAVARKAR PATH, THANE WEST 400601",25447077,true,true,GREATER MUMBAI,true,400065040
ABHYUDAYA COOPERATIVE BANK LIMITED,ABHY0065041,LOKMANYA NAGAR,THANE,MUMBAI,MAHARASHTRA,"PANCHPAKHADI SAMARTHA CHS LTD., LOKMANYA NAGAR, THANE (W)-400608",25806049,true,true,GREATER MUMBAI,true,
ABHYUDAYA COOPERATIVE BANK LIMITED,ABHY0065042,KHARGHAR,PANVEL,MUMBAI,MAHARASHTRA,"SHOP NO 66/67, PATEL HERITAGE, PLOT NO 15/17, SECTOR 7, KHARGHAR, NAVI MUMBAI 410210",27741002,true,true,RAIGAD,true,
ABHYUDAYA COOPERATIVE BANK LIMITED,ABHY0065043,VASAI,VASAI,VASAI,MAHARASHTRA,"OM SHIVSHAKTI COMPLEX, VAJRESHWARI ROAD, VALIV VILLAGE, VASAI ROAD (EAST), VASAI 401208",2452512,true,true,THANE,true,
ABHYUDAYA COOPERATIVE BANK LIMITED,ABHY0065044,GHANSOLI,NEW BOMBAY,NAVI MUMBAI,MAHARASHTRA,"SHREE MANOSHI COMPLEX, PLOT NO.5& 6, SECTOR-3, GHANSOLI, NAVI MUMBAI GHANSOLI- 410 701.",27549124,true,true,THANE,true,
ABHYUDAYA COOPERATIVE BANK LIMITED,ABHY0065045,KAMOTHE,KAMOTHE,NAVI MUMBAI,MAHARASHTRA,"DHARTI COMPLEX, SHOP NO.7,8,9310 & 11, PLOT NO. 60/61, SECTOR 18, KAMOTHE II, PANVEL-",65298847,true,true,RAIGAD,true,
ABHYUDAYA COOPERATIVE BANK LIMITED,ABHY0065046,BHAYANDAR,MIRA-BHAYANDAR,THANE,MAHARASHTRA,"SHOP NO. 7,8,9,&107 TO 111 ON GR. FLOOR & 1ST FLOOR. MALHAR ARCADE, CODDEV VILLAGE, NAVGHAR PHATAK ROAD, BHAYANDAR (E), DIST. THANE, 401101",28140964,true,true,THANE,true,
ABHYUDAYA COOPERATIVE BANK LIMITED,ABHY0065047,DAHISAR EAST,MUMBAI,MUMBAI,MAHARASHTRA,"GR. FLOOR, MADHURAM HALL, HARISHANKAR JOSHI ROAD, DAHISAR (E), MUMBAI - 400 068",28480321,true,true,GREATER MUMBAI,true,
ABHYUDAYA COOPERATIVE BANK LIMITED,ABHY0065048,KALYAN-WEST,KALYAN,THANE,MAHARASHTRA,"FLOWER VALLEY, KHADAKPADA, KALYAN (W), DIST. THANE 421 301",2203321,true,true,THANE,true,
ABHYUDAYA COOPERATIVE BANK LIMITED,ABHY0065049,DOMBIVLI EAST,DOMBIVLI,THANE,MAHARASHTRA,"FIRST FLOOR, JAIKUL ARCADE, MANPADA ROAD, DOMBIVLI (E) 421201",2489860,true,true,THANE,true,
ABHYUDAYA COOPERATIVE BANK LIMITED,ABHY0065050,OLD PANVEL,PANVEL,RAIGAD,MAHARASHTRA,"SHOP NO 1 & 2, KANAK VITHAL, PLOT NO.25, OLD PANVEL, DIST RAIGAD 410 206",27459656,true,true,RAIGAD,true,
ABHYUDAYA COOPERATIVE BANK LIMITED,ABHY0065051,KANDIVALI (WEST),MUMBAI,MUMBAI,MAHARASHTRA,"KANDIVLI (W) BRANCH, SHOP NO.7, VIJAYBHARTI CO-OP. HSG. SOCIETY, SECTOR - II CHARKOP, KANDIVALI (W), MUMBAI 400067",28678031,true,true,MUMBAI,true,
ABHYUDAYA COOPERATIVE BANK LIMITED,ABHY0065052,MIRA ROAD (EAST),MIRA-BHAYANDAR,BHAYANDAR,MAHARASHTRA,"SHOP NO. 6,7 & 8, GROUND FLOOR, BUILDING NO. A-63, SECTOR - 1, SHANTI NAGAR, MIRA ROAD (E), DIST THANE 401107.",28555244,true,true,THANE,true,
ABHYUDAYA COOPERATIVE BANK LIMITED,ABHY0065053,BADLAPUR (EAST),KALYAN,KALYAN,MAHARASHTRA,"KULGAON GRIHNIRMAN SOCIETY, PLOT NO. 36, GANDHI CHOWK, NEAR KATDHARE HALL, KULGAON, BADLAPUR (E), DIST. THANE 421503",2693726,true,true,THANE,true,
ABHYUDAYA COOPERATIVE BANK LIMITED,ABHY0065054,CHEMBUR,MUMBAI,MUMBAI,MAHARASHTRA,"SHOP NO.12 TO 19, BLDG. NO. 2, TILAKNAGAR SHRAMIK CO-OP HSG SOCIETY LTD., TILAKNAGAR, CHEMBUR, MUMBAI 400089.",25262390,true,true,GREATER MUMBAI,true,
ABHYUDAYA COOPERATIVE BANK LIMITED,ABHY0065055,VIRAR,VIRAR,THANE,MAHARASHTRA,"GRND & 1ST FLOOR, MATAJI KRUPA, OPP. MAHANAGARPALIKA LIBRARY, PHOOL PADA ROAD,VIRAR (E), DIST THANE 401303",2524161,true,true,THANE,true,
ABHYUDAYA COOPERATIVE BANK LIMITED,ABHY0065056,SEAWOOD,MUMBAI,MUMBAI,MAHARASHTRA,"SHOP NO. 13 TO 15, GIRIRAJ CO-OP HSG SOCIETY LTD., PLOT NO.7&8, SECTOR NO.44, NRI SEAWOOD ROAD, SEAWOOD, NERUL 400706",27719879,true,true,GREATER MUMBAI,true,
ABHYUDAYA COOPERATIVE BANK LIMITED,ABHY0065057,GHODBUNDER ROAD,THANE,THANE,MAHARASHTRA,"SIDDHIVINAYAK ARCADE, KAILASH TOWER, OWALE VILLAGE, OWALA NAKA, GHODBUNDER ROAD, THANE 400605.",25971586,true,true,THANE,true,
ABHYUDAYA COOPERATIVE BANK LIMITED,ABHY0065058,ANTOP HILL,MUMBAI,MUMBAI,MUMBAI,"SHOP NO..34 & 35, GROUND FLOOR, BLDG NO. B-2, KALPAK ESTATE, SHAIKH MISTRY ROAD, ANTOP HILL, MUMBAI 400037",24092210,true,true,GREATER MUMBAI,true,400065058
ABHYUDAYA COOPERATIVE BANK LIMITED,ABHY0065059,NALLASOPARA,THANE,THANE,MAHARASHTRA,"SHOP NO. 1 & 2, GROUND FLOOR, OLIVE APARTMENT, BLDG.NO.06, SECTOR VII, NALLASOPARA, TAL VASAI, DIST THANE.",3290277,true,true,THANE,true,
ABHYUDAYA COOPERATIVE BANK LIMITED,ABHY0065060,DIVALE CBD,MUMBAI,MUMBAI,MAHARASHTRA,"SHOP NO 8A & 9, GROUND FLOOR, SAI SANGAM, SECTOR-15, SAKAL BHAVAN MARG, CBD BELAPUR, NAVI MUMBAI 400 614",27563509,true,true,GREATER MUMBAI,true,
ABHYUDAYA COOPERATIVE BANK LIMITED,ABHY0065061,KHANDA COLONY,PANVEL,PANVEL,MAHARASHTRA,"SHOP NO.30 TO 33, GROUND FLOOR, SHREEJI SANGH, SECTOR - 7, PLOT NO. 15/16 KHANDA COLONY, PANVEL 410206",27490760,true,true,RAIGAD,true,
ABHYUDAYA COOPERATIVE BANK LIMITED,ABHY0065062,KALWA,THANE,THANE,MAHARASHTRA,"MILESTONE CORPORATE PARK, DATTAWADI, OLD MUMBAI ROAD, KALWA (W) DIST. THANE 400 605",25406301,true,true,THANE,true,
ABHYUDAYA COOPERATIVE BANK LIMITED,ABHY0065063,DOMBIVLI (WEST),DOMBIVLI,DOMBIVLI,MAHARASHTRA,"JANKI HEIGHTS OPP. SHIV SENA SHAKA, DEENDAYAL ROAD, DOMBIVALI (WEST), DIS THANE 421202",2489860,true,true,THANE,true,
ABHYUDAYA COOPERATIVE BANK LIMITED,ABHY0065064,GOREGAON WEST,MUMBAI,MUMBAI,MAHARASHTRA,"SHOP NO.2,3,5 & 6A, VRINDAVAN CHS LTD., BUILDING NO.9, SHASTRI NAGAR ROAD NO.1, GOREGAON (W), MUMBAI 400 104.",28711793,true,true,GREATER BOMBAY,true,
ABHYUDAYA COOPERATIVE BANK LIMITED,ABHY0065065,JOGESHWARI (E),MUMBAI,MUMBAI,MAHARASHTRA,"BAL VIKAS SCHOOL BUILDING, GROUND FLOOR, MHADA COLONY, SARVODAYA NAGAR, JOGESHWARI (E), MUMBAI 400 060",28320628,true,true,GREATER BOMBAY,true,
ABHYUDAYA COOPERATIVE BANK LIMITED,ABHY0065066,KALYAN (E),KALYAN,KALYAN,MAHARASHTRA,"KHUSHI HEIGHTS, POONA LINK ROAD, OPP. NITIN RAJ HOTEL, KATEMANIVALI, KALYAN (E), DIST. THANE - 421 306.",2362365,true,true,THANE,true,
ABHYUDAYA COOPERATIVE BANK LIMITED,ABHY0065067,DIVA (E),THANE,THANE,MAHARASHTRA,"SHREE KRISHNA PARK, NEAR SHIV SENA SHAKA, DIVA (E), DIST. THANE - 400 612.",25318101,true,true,THANE,true,
ABHYUDAYA COOPERATIVE BANK LIMITED,ABHY0065068,ANJUR PHATA,BHIWANDI,BHIWANDI,MAHARASHTRA,"SOM SHIV PLAZA, ANJUR PHATA, KAMATGHAR, AGRA ROAD, BHIWANDI - 421 302.",278055,true,true,THANE,true,
ABHYUDAYA COOPERATIVE BANK LIMITED,ABHY0065069,MARVE LINK ROAD,MUMBAI,MUMBAI,MAHARASHTRA,"SHOP NO. S-109, RAJIV GANDHI COMMERCIAL COMPLEX, EKTA NAGAR, CHARKOP MARVE LINK ROAD, KANDIVLI (W), MUMBAI - 400 067",28680471,true,true,GREATER BOMBAY,true,
ABHYUDAYA COOPERATIVE BANK LIMITED,ABHY0065070,LOWER PAREL,MUMBAI,MUMBAI,MUMBAI,"BLOCK NO.12, GROUND FLOOR, DHANRAJ MILL COMPOUND, SITARAM JADHAV MARG, LOWER PAREL, MUMBAI - 400 013.",28680471,true,true,GREATER BOMBAY,true,400065070
ABHYUDAYA COOPERATIVE BANK LIMITED,ABHY0065071,LALBAUG,MUMBAI,MUMBAI,MUMBAI,"SHOP NO. 6, 7, 8 & 9, GROUND FLOOR, ""TAMBAWALA BUILDING NO.1"", 205, KALACHOWKY ROAD, D. L. MARG, LALBAUG, MUMBAI - 400 012",23742274,true,true,GREATER BOMBAY,true,400065071
ABHYUDAYA COOPERATIVE BANK LIMITED,ABHY0065072,VIKHROLI (EAST),MUMBAI,MUMBAI,MAHARASHTRA,"SHOP NO. 3, B WING, BUILDING NO. 87, ""KANNAMWAR NAGAR RAIGAD CO-OP. HSG. SOC. LTD., KANNAMWAR NAGAR, VIKHROLI (E), MUMBAI - 400 083",25791070,true,true,GREATER BOMBAY,true,400065072
ABHYUDAYA COOPERATIVE BANK LIMITED,ABHY0065073,VIKHROLI W,MUMBAI,MUMBAI,MAHARASHTRA,"SHOP NO.1, MAYFIAR SYMPHONY SPRING, PARKSITE, GODREJ, HIRANANDANI LINK RD., VIKHROLI WEST, MUMBAI 400079",25174388,true,true,GREATER BOMBAY,true,400065073
ABHYUDAYA COOPERATIVE BANK LIMITED,ABHY0065074,KAUSA MUMBRA,THANE,THANE,MAHARASHTRA,"VIRANI BUSINESS CENTRE, SHOP NO. 1,2,3,4, PLOT NO. 96 BY 2, OPP BHARAT GEARS CO., KAUSA, DIST-THANE- 400612",25495095,true,true,THANE,true,400065074
ABHYUDAYA COOPERATIVE BANK LIMITED,ABHY0065075,ULWE,PANVEL,PANVEL,MAHARASHTRA,"SHOP NO. 1,2,3 PRATHMESH PRIDE, PLOT NO. 06, SECTOR 19, ULWE, TAL  PANVEL, DIST RAIGAD  410206",,true,true,RAIGAD,true,400065075
ABHYUDAYA COOPERATIVE BANK LIMITED,ABHY0065076,KURLA (W),MUMBAI,MUMBAI,MAHARASHTRA,"SHOP NO. 1 AND 2, SANGHAVI PALACE, BELGRAMI ROAD, KURLA W, MUMBAI - 400070",26503002,true,true,GREATER BOMBAY,true,400065076
ABHYUDAYA COOPERATIVE BANK LIMITED,ABHY0065077,PEN,PEN,PEN,MAHARASHTRA,"SHOP NO.4 AND 6, REDWOOD CITY PLAZA, PLOT NO. C 13, SURVEY NO 242B, ICE FACTORY, PEN 402107.",24140961,true,true,RAIGAD,true,402065051
ABHYUDAYA COOPERATIVE BANK LIMITED,ABHY0065102,NANA PETH,PUNE,PUNE,MAHARASHTRA,"355, NANA PETH, PUNE-411002",26356923,true,true,PUNE,true,
ABHYUDAYA COOPERATIVE BANK LIMITED,ABHY0065103,LAXMI ROAD,PUNE,PUNE,MAHARASHTRA,"867, BUDHWAR PETH, LAXMI ROAD, PUNE-411002",24470805,true,true,PUNE,true,
ABHYUDAYA COOPERATIVE BANK LIMITED,ABHY0065104,YERWADA,PUNE,PUNE,MAHARASHTRA,"OM MAHAVIR CHS, SHOP NO. D1-2-3, SURVEY NO. 1-A, PUNE NAGAR RD., YERWADA, PUNE-411006",26613493,true,true,PUNE,true,411065004
ABHYUDAYA COOPERATIVE BANK LIMITED,ABHY0065105,PIMPRI,PUNE,PUNE,MAHARASHTRA,"SUNSHINE MARKS, CTS NO.4840, MUMBAI-PUNE RD, OPP B AMBEDKAR STATUE, PIMPRI, PUNE-411018",27426288,true,true,PUNE,true,411065006
ABHYUDAYA COOPERATIVE BANK LIMITED,ABHY0065106,PAUD PHATA,PUNE,PUNE,MAHARASHTRA,"MANGALAM CHAMBERS, ERANDWANA, PAUD ROAD, PUNE-411038",25446729,true,true,PUNE,true,
ABHYUDAYA COOPERATIVE BANK LIMITED,ABHY0065107,BANER ROAD,PUNE,PUNE,MAHARASHTRA,"TEJAS ETERNITY, S. NO. 134, H. NO.5,6/1, BANER BALEWADI RD, BANER, PUNE 411045",27290321,true,true,PUNE,true,411065008
ABHYUDAYA COOPERATIVE BANK LIMITED,ABHY0065108,DHANKAWADI,PUNE,PUNE,MAHARASHTRA,"SHIVSMARAK SAMITI, PUNE-SATARA ROAD,DHANKWADI, PUNE-411037",24377083,true,true,PUNE,true,
ABHYUDAYA COOPERATIVE BANK LIMITED,ABHY0065109,WAGHOLI,PUNE,PUNE,MAHARASHTRA,"620, PUNE NAGAR ROAD, WAGHOLI, TAL.HAVELI, PUNE-412207",27051700,true,true,PUNE,true,
ABHYUDAYA COOPERATIVE BANK LIMITED,ABHY0065110,SINHAGAD ROAD,PUNE,PUNE,MAHARASHTRA,"SHOWROOM NO. 1 AND 3, SUNIT RIDDHI BLDG, PLOT NO. 2B, FINAL PLOT NO. 545, S. NO. 120A, 120B, PARVATI, SINHAGAD RD, PUNE 411030",24308301,true,true,PUNE,true,411065013
ABHYUDAYA COOPERATIVE BANK LIMITED,ABHY0065111,DECCAN GYMKHANA,PUNE,PUNE,MAHARASHTRA,"AMIT SAMRUDDHI, OFF. J.M.ROAD, SHIVAJI NAGAR, PUNE-411004",25513670,true,true,PUNE,true,
ABHYUDAYA COOPERATIVE BANK LIMITED,ABHY0065112,NAGPUR,NAGPUR,NAGPUR,MAHARASHTRA,"BHAGVAN HOUSE, GROUND FLOOR, WARDHA ROAD, WARDHA ROAD, NAGPUR WARDHA ROAD, NAGPUR",22244715,true,true,NAGPUR,true,
ABHYUDAYA COOPERATIVE BANK LIMITED,ABHY0065113,AURANGABAD,AURANGABAD,AURANGABAD,MAHARASHTRA,"AMDANI CHAMBERS, GROUND FLOOR, NEW GULMANDI ROAD, DALAL WADI, AURANGABAD- 431 001.",2346043,true,true,AURANGABAD,true,
ABHYUDAYA COOPERATIVE BANK LIMITED,ABHY0065114,KANKAVLI,KANKAVLI,KANKAVLI,MAHARASHTRA,"3/16, A-1-B, GROUND FLOOR, HISSA NO.29, SURVEY NO.204, MUMABAI GOA HIGHWAY, AT AND POST - KANKAVLI, DIST - SINDHUDURG 416602",231160,true,true,SINDHUDURG,true,
ABHYUDAYA COOPERATIVE BANK LIMITED,ABHY0065115,NASHIK,NASHIK,NASHIK,MAHARASHTRA,"SHOP NO. 3 & 4 & OFFICE NO.4,5 & 6 LUCKY PALACE APARTMENTS, CANARA CORNER, SHARANPUR TRIMBAK ROAD, NASHIK 422 005",2232031,true,true,NASIK,true,
ABHYUDAYA COOPERATIVE BANK LIMITED,ABHY0065116,CHAKAN BRANCH,CHAKAN,CHAKAN,MAHARASHTRA,"ANAND BUILDING, MAIN BAZAR PETH, NEAR CHAKAN S.T. STAND, OLD PUNE NASHIK ROAD, CHAKAN, DIST PUNE 410 501",252001,true,true,PUNE,true,
ABHYUDAYA COOPERATIVE BANK LIMITED,ABHY0065117,AMBAD,NASHIK,NASHIK,MAHARASHTRA,"SHO NO.1-5, LOTUS PLAZA, TRIMURTI CHOWK, AMBAD-LINK ROAD, CIDCO, NEW NASHIK NASHIK-422008",2399714,true,true,NASIK,true,
ABHYUDAYA COOPERATIVE BANK LIMITED,ABHY0065118,NASHIK ROAD,NASHIK,NASHIK,MAHARASHTRA,"RAJAN COMPLEX, DATTA MANDIR STOP, NASHIK-PUNE HIGHWAY, NASHIK 422 101",2459921,true,true,NASIK,true,
ABHYUDAYA COOPERATIVE BANK LIMITED,ABHY0065119,GARKHEDA,AURANGABAD,AURANGABAD,MAHARASHTRA,"SHOP NO.1 & 2, MALANI CHAMBERS, PLOT NO.5, SHIVAJI NAGAR ROAD, GARKHEDA, AURANGABAD 431005",2405659,true,true,AURANGABAD,true,
ABHYUDAYA COOPERATIVE BANK LIMITED,ABHY0065120,ASHOK NAGAR,NANDED,NANDED,MAHARASHTRA,"GROUND FLOOR, 69, ASHOKNAGAR, WORKSHOP-BHAGYANAGAR ROAD, NANDED, DIST NANDED - 431605",254030,true,true,NANDED,true,
ABHYUDAYA COOPERATIVE BANK LIMITED,ABHY0065121,C.A. ROAD,NAGPUR,NAGPUR,MAHARASHTRA,"GANDHI GRAIN MARKET, OLD BAGADGANJ LAYOUT, CHAPRU CHOWK, CENTRAL AVENUE ROAD, NAGPUR - 440 008.",2739918,true,true,NAGPUR,true,
ABHYUDAYA COOPERATIVE BANK LIMITED,ABHY0065122,DABHADE TALEGAON,TALEGAON DABHADE,TALEGAONDABHADE,MAHARASHTRA,"AMBIKA CORNER APARTMENT, PLOT NO. 6 & 7, LAXMIBAUG COLONY, TALEGAON DABHADE TAL. MAWAL, DIST. PUNE - 410506",224460,true,true,PUNE,true,411065017
ABHYUDAYA COOPERATIVE BANK LIMITED,ABHY0065123,SAMRAT NAGAR,NANDED,NANDED,MAHARASHTRA,"PLOT NO. 10, 11, 12(D), THE NANDED TOWN MARKET AREA, SAMRAT NAGAR, NEAR ANNABHAU SATHE CHOWK, NANDED - 431 602.",284030,true,true,NANDED,true,
ABHYUDAYA COOPERATIVE BANK LIMITED,ABHY0065124,INDIRA NAGAR,NASHIK,NASHIK,MAHARASHTRA,"GROUND FLOOR, MADHUSUDAN PARK, C BUILDING, WADALA PATHARDI ROAD, INDIRA NAGAR, NASHIK - 422 009",2329560,true,true,NASIK,true,
ABHYUDAYA COOPERATIVE BANK LIMITED,ABHY0065125,PANCHAVATI,NASHIK,NASHIK,MAHARASHTRA,"4614, LAXMI RESIDENCY, PETH ROAD, PANCHAVATI, NASHIK - 422 003.",2629916,true,true,NASIK,true,
